ADMIN

mysql> select * from admin;
Empty set (0.12 sec)

mysql> select * from admin;
+----------+---------+----------------+---------------+----------+----------+
| admin_id | address | email          | mobile_number | password | username |
+----------+---------+----------------+---------------+----------+----------+
|       10 | india   | aryan@fake.com |     124123121 | password | aryan    |
+----------+---------+----------------+---------------+----------+----------+
1 row in set (0.00 sec)

CAB


mysql> select * from Cab;
+--------+---------------------+---------------------+----------+-------------+
| cab_id | created_at          | updated_at          | car_type | per_km_rate |
+--------+---------------------+---------------------+----------+-------------+
|      3 | 2022-01-12 12:18:45 | 2022-01-12 12:26:34 | hundai   |         9.4 |
|      5 | 2022-01-12 12:19:55 | 2022-01-12 12:19:55 | honda    |        12.4 |
|      7 | 2022-01-12 12:21:52 | 2022-01-12 12:21:52 | hundai   |        13.4 |
|      8 | 2022-01-12 12:24:24 | 2022-01-12 12:24:24 | hundai   |        13.4 |
|      9 | 2022-01-12 12:24:37 | 2022-01-12 12:24:37 | honda    |        12.4 |
+--------+---------------------+---------------------+----------+-------------+
5 rows in set (0.00 sec)

DRIVER


mysql> select * from driver;
+-----------+---------+----------------+------------+---------------+-----------+--------+----------+--------+
| driver_id | address | email          | licence_no | mobile_number | password  | rating | username | cab_id |
+-----------+---------+----------------+------------+---------------+-----------+--------+----------+--------+
|         4 | india   | aryan@fake.com | uk1234     |     124123121 | password  |    4.6 | aryan    |      7 |
|         6 | india   | arya@fake.com  | ag9045     |      23423424 | password1 |    3.8 | ayran    |      5 |
+-----------+---------+----------------+------------+---------------+-----------+--------+----------+--------+
2 rows in set (0.00 sec)

Customer

mysql> select * from customer;
+-------------+-------------------+---------------------+---------------+-------------+----------+
| customer_id | address           | email               | mobile_number | password    | username |
+-------------+-------------------+---------------------+---------------+-------------+----------+
|           1 | 12                | sou@gmail.com       |    1234545667 | smya        | soumya   |
|           2 | 167,andra pradesh | shivraj.v@gmail.com |    1234545667 | shiv@raj    | Shivraj  |
|          11 | 12,bangalore      | sac123@gmail.com    |    1234545667 | sach@1134bc | Sachin   |
|          12 | 12                | sou@gmail.com       |    1234545667 | smya        | soumya   |
+-------------+-------------------+---------------------+---------------+-------------+----------+
4 rows in set (0.00 sec)

mysql> select * from customer;
+-------------+-------------------+---------------------+---------------+-------------+----------+
| customer_id | address           | email               | mobile_number | password    | username |
+-------------+-------------------+---------------------+---------------+-------------+----------+
|           2 | 167,andra pradesh | shivraj.v@gmail.com |    1234545667 | shiv@raj    | Shivraj  |
|          11 | 12,bangalore      | sac123@gmail.com    |    1234545667 | sach@1134bc | Sachin   |
|          12 | 12                | sou@gmail.com       |    1234545667 | smya        | soumya   |
|          13 | 12,bangalore      | sac123@gmail.com    |    1234545667 | sach@1134bc | Sachin   |
|          14 | 12                | sou@gmail.com       |    1234545667 | smya        | soumya   |
+-------------+-------------------+---------------------+---------------+-------------+----------+

TripBooking


mysql> select * from trip_booking;
+-----------------+-------+-------------+----------------+-----------+----------------------+---------------+--------+---------------------+-------------+----------+--------+
| trip_booking_id | bill  | customer_id | distance_in_km | driver_id | from_local_date_time | from_location | status | to_local_date_time  | to_location | customer | driver |
+-----------------+-------+-------------+----------------+-----------+----------------------+---------------+--------+---------------------+-------------+----------+--------+
|              15 | 34553 |           2 |              6 |         4 | 2020-12-31 15:53:16  | nagole        |        | 2021-01-24 15:53:16 | ammerpet    |        2 |      4 |
+-----------------+-------+-------------+----------------+-----------+----------------------+---------------+--------+---------------------+-------------+----------+--------+
1 row in set (0.12 sec)

